,Radius,0,1,2,3,4,5,6,7,8,9,10,11,12,13,14,15,16,17,18,19,20,21,22,23,24,25,26,27,28,29,30,31,32,33,34,35,36,37,38,39,40,41,42,43,44,45,46,47,48,49,50,51,52,53,54,55,56,57,58,59,60,61,62,63,64,65,66,67,68,69,70,71,72,73,74,75,76,77,78,79,80,81,82,83,84,85,86,87,88,89,90,91,92,93,94,95,96,97,98,99,100,101,102
0,0.025,15.0,0.0,0.0,0.0,0.0,0.0,0.0,0.0,0.0,0.0,0.0,0.0,0.0,0.0,0.0,0.0,0.0,0.0,0.0,0.0,0.0,0.0,0.0,0.0,0.0,0.0,0.0,0.0,0.0,0.0,0.0,0.0,0.0,0.0,0.0,0.0,0.0,0.0,0.0,0.0,0.0,0.0,0.0,0.0,0.0,0.0,0.0,0.0,0.0,0.0,0.0,0.0,0.0,0.0,0.0,0.0,0.0,0.0,0.0,0.0,0.0,0.0,0.0,0.0,0.0,0.0,0.0,0.0,0.0,0.0,0.0,0.0,0.0,0.0,0.0,0.0,0.0,0.0,0.0,0.0,0.0,0.0,13.0,0.0,0.0,0.0,0.0,0.0,0.0,0.0,0.0,0.0,0.0,0.0,0.0,0.0,0.0,0.0,0.0,0.0,0.0,0.0,0.0
1,0.05,11.0,0.0,0.0,0.0,0.0,0.0,0.0,0.0,0.0,0.0,0.0,0.0,0.0,0.0,0.0,0.0,0.0,0.0,0.0,0.0,0.0,0.0,0.0,0.0,0.0,0.0,0.0,0.0,0.0,0.0,0.0,0.0,0.0,0.0,0.0,0.0,0.0,0.0,0.0,0.0,0.0,0.0,0.0,0.0,0.0,0.0,0.0,0.0,0.0,0.0,0.0,0.0,0.0,0.0,0.0,0.0,0.0,0.0,0.0,0.0,0.0,0.0,0.0,0.0,0.0,0.0,0.0,0.0,0.0,0.0,0.0,0.0,0.0,0.0,0.0,0.0,0.0,0.0,0.0,0.0,0.0,0.0,22.0,0.0,0.0,0.0,0.0,0.0,0.0,0.0,0.0,0.0,0.0,0.0,0.0,0.0,0.0,0.0,0.0,0.0,0.0,0.0,0.0
2,0.07500000000000001,10.0,53.0,0.0,0.0,0.0,0.0,0.0,0.0,0.0,0.0,0.0,0.0,0.0,0.0,0.0,0.0,0.0,0.0,0.0,0.0,0.0,0.0,0.0,0.0,0.0,0.0,0.0,0.0,0.0,0.0,0.0,0.0,0.0,0.0,0.0,0.0,0.0,0.0,0.0,0.0,0.0,0.0,0.0,0.0,0.0,0.0,0.0,0.0,0.0,0.0,0.0,0.0,0.0,0.0,0.0,0.0,0.0,0.0,0.0,0.0,0.0,0.0,0.0,0.0,0.0,0.0,0.0,0.0,0.0,0.0,0.0,0.0,0.0,0.0,0.0,0.0,0.0,0.0,0.0,0.0,0.0,0.0,20.0,0.0,0.0,0.0,0.0,0.0,0.0,0.0,0.0,0.0,0.0,0.0,0.0,0.0,0.0,0.0,0.0,0.0,0.0,0.0,0.0
3,0.1,10.0,29.0,37.0,30.0,15.0,0.0,0.0,0.0,1.0,0.0,0.0,0.0,0.0,0.0,0.0,0.0,0.0,0.0,0.0,0.0,0.0,0.0,0.0,0.0,0.0,0.0,0.0,0.0,0.0,0.0,0.0,0.0,0.0,0.0,0.0,0.0,0.0,0.0,0.0,0.0,0.0,0.0,0.0,0.0,0.0,0.0,0.0,0.0,0.0,0.0,0.0,0.0,0.0,0.0,0.0,0.0,0.0,0.0,0.0,0.0,0.0,0.0,0.0,0.0,0.0,0.0,0.0,0.0,0.0,0.0,0.0,14.0,0.0,0.0,0.0,0.0,0.0,0.0,0.0,40.0,0.0,0.0,20.0,40.0,0.0,0.0,0.0,0.0,0.0,0.0,0.0,0.0,0.0,0.0,0.0,0.0,0.0,0.0,0.0,0.0,0.0,0.0,0.0
4,0.125,17.0,12.0,8.0,62.0,18.0,27.0,0.0,0.0,10.0,0.0,0.0,0.0,0.0,0.0,0.0,0.0,0.0,0.0,0.0,0.0,0.0,0.0,0.0,0.0,0.0,0.0,0.0,0.0,0.0,0.0,0.0,0.0,0.0,0.0,0.0,0.0,0.0,0.0,0.0,0.0,0.0,0.0,0.0,0.0,0.0,0.0,0.0,0.0,0.0,0.0,0.0,0.0,0.0,0.0,0.0,0.0,0.0,0.0,0.0,0.0,0.0,0.0,0.0,0.0,0.0,0.0,0.0,0.0,45.0,0.0,0.0,46.0,0.0,0.0,0.0,0.0,0.0,0.0,0.0,28.0,37.0,29.0,20.0,28.0,48.0,41.0,38.0,0.0,41.0,0.0,0.0,0.0,0.0,0.0,0.0,0.0,0.0,0.0,0.0,0.0,0.0,0.0,0.0
5,0.15,25.0,11.0,45.0,43.0,60.0,107.0,0.0,51.0,22.0,10.0,0.0,5.0,0.0,0.0,0.0,0.0,0.0,0.0,0.0,0.0,0.0,0.0,0.0,0.0,0.0,0.0,0.0,0.0,0.0,0.0,0.0,0.0,0.0,1.0,0.0,0.0,0.0,0.0,0.0,0.0,0.0,0.0,0.0,0.0,0.0,1.0,0.0,2.0,3.0,0.0,0.0,0.0,0.0,0.0,0.0,0.0,0.0,0.0,0.0,0.0,39.0,0.0,0.0,0.0,0.0,0.0,36.0,0.0,32.0,0.0,0.0,28.0,0.0,44.0,34.0,0.0,0.0,55.0,24.0,24.0,39.0,40.0,18.0,24.0,29.0,37.0,36.0,48.0,35.0,23.0,0.0,56.0,18.0,0.0,50.0,0.0,0.0,22.0,0.0,0.0,9.0,0.0,0.0
6,0.17500000000000002,38.0,10.0,45.0,56.0,65.0,53.0,50.0,34.0,82.0,10.0,0.0,17.0,0.0,0.0,0.0,0.0,0.0,0.0,0.0,0.0,11.0,6.0,4.0,52.0,0.0,0.0,16.0,11.0,0.0,0.0,0.0,36.0,6.0,13.0,2.0,59.0,25.0,0.0,8.0,0.0,0.0,0.0,0.0,6.0,0.0,12.0,8.0,21.0,20.0,0.0,0.0,15.0,0.0,0.0,0.0,34.0,0.0,36.0,9.0,4.0,18.0,0.0,0.0,0.0,0.0,0.0,45.0,0.0,27.0,55.0,55.0,23.0,25.0,38.0,41.0,62.0,42.0,32.0,48.0,19.0,86.0,27.0,20.0,22.0,25.0,30.0,27.0,35.0,27.0,49.0,41.0,31.0,54.0,0.0,32.0,0.0,0.0,48.0,42.0,0.0,55.0,46.0,0.0
7,0.2,26.0,8.0,44.0,5.0,43.0,23.0,83.0,32.0,98.0,127.0,27.0,13.0,0.0,0.0,0.0,0.0,0.0,0.0,1.0,0.0,94.0,86.0,51.0,58.0,20.0,0.0,69.0,70.0,17.0,0.0,0.0,55.0,63.0,30.0,30.0,49.0,118.0,4.0,24.0,42.0,49.0,8.0,33.0,37.0,31.0,26.0,35.0,22.0,26.0,29.0,97.0,86.0,49.0,27.0,63.0,78.0,136.0,146.0,100.0,57.0,95.0,59.0,137.0,135.0,0.0,68.0,30.0,51.0,54.0,103.0,123.0,20.0,49.0,87.0,29.0,65.0,40.0,76.0,31.0,71.0,60.0,25.0,19.0,20.0,22.0,25.0,24.0,29.0,53.0,31.0,43.0,25.0,32.0,57.0,28.0,70.0,0.0,29.0,41.0,0.0,30.0,36.0,39.0
8,0.225,9.0,41.0,22.0,21.0,47.0,20.0,118.0,72.0,75.0,197.0,67.0,87.0,12.0,18.0,13.0,19.0,10.0,0.0,55.0,16.0,102.0,89.0,88.0,90.0,69.0,84.0,123.0,94.0,98.0,22.0,61.0,54.0,56.0,82.0,112.0,107.0,90.0,48.0,139.0,103.0,113.0,83.0,83.0,110.0,35.0,57.0,106.0,135.0,173.0,180.0,165.0,178.0,195.0,205.0,194.0,162.0,181.0,177.0,285.0,223.0,179.0,164.0,157.0,117.0,272.0,172.0,144.0,186.0,95.0,190.0,178.0,127.0,112.0,62.0,25.0,84.0,58.0,64.0,25.0,62.0,52.0,94.0,19.0,58.0,38.0,23.0,23.0,30.0,75.0,26.0,29.0,25.0,59.0,39.0,23.0,45.0,32.0,61.0,30.0,0.0,27.0,29.0,115.0
9,0.25,10.0,0.0,18.0,47.0,34.0,27.0,90.0,99.0,75.0,79.0,37.0,70.0,45.0,15.0,29.0,33.0,10.0,21.0,78.0,110.0,60.0,59.0,109.0,104.0,133.0,274.0,135.0,113.0,95.0,105.0,109.0,89.0,110.0,164.0,140.0,101.0,161.0,67.0,156.0,196.0,252.0,145.0,159.0,185.0,196.0,223.0,156.0,159.0,172.0,196.0,262.0,220.0,196.0,182.0,222.0,204.0,246.0,200.0,440.0,300.0,222.0,310.0,379.0,363.0,383.0,220.0,397.0,470.0,479.0,423.0,394.0,362.0,183.0,160.0,171.0,61.0,87.0,90.0,96.0,51.0,48.0,85.0,152.0,72.0,84.0,62.0,21.0,100.0,55.0,87.0,105.0,109.0,81.0,28.0,23.0,32.0,90.0,72.0,105.0,116.0,23.0,103.0,64.0
10,0.275,18.0,0.0,65.0,38.0,23.0,42.0,58.0,118.0,68.0,105.0,151.0,131.0,108.0,33.0,41.0,140.0,71.0,44.0,64.0,102.0,60.0,78.0,226.0,103.0,154.0,304.0,203.0,174.0,174.0,187.0,130.0,76.0,108.0,217.0,220.0,176.0,284.0,364.0,222.0,282.0,270.0,158.0,257.0,303.0,340.0,265.0,263.0,204.0,235.0,272.0,198.0,248.0,381.0,284.0,269.0,329.0,318.0,253.0,384.0,474.0,445.0,462.0,482.0,551.0,538.0,521.0,514.0,527.0,514.0,567.0,541.0,542.0,412.0,586.0,493.0,152.0,167.0,248.0,297.0,255.0,314.0,262.0,270.0,193.0,54.0,79.0,76.0,58.0,49.0,67.0,65.0,63.0,57.0,95.0,21.0,106.0,97.0,56.0,63.0,91.0,60.0,65.0,56.0
11,0.30000000000000004,57.0,41.0,34.0,135.0,43.0,79.0,84.0,72.0,41.0,83.0,145.0,141.0,136.0,120.0,129.0,159.0,135.0,222.0,127.0,90.0,73.0,201.0,225.0,316.0,322.0,231.0,116.0,153.0,205.0,288.0,110.0,207.0,199.0,199.0,136.0,184.0,191.0,384.0,278.0,280.0,395.0,250.0,381.0,430.0,377.0,418.0,491.0,386.0,265.0,382.0,347.0,377.0,331.0,397.0,484.0,461.0,414.0,358.0,428.0,462.0,523.0,530.0,475.0,541.0,469.0,602.0,546.0,502.0,509.0,493.0,400.0,482.0,663.0,541.0,540.0,492.0,592.0,558.0,549.0,476.0,400.0,381.0,476.0,326.0,211.0,75.0,176.0,142.0,191.0,97.0,53.0,78.0,50.0,65.0,21.0,64.0,68.0,49.0,54.0,66.0,80.0,55.0,49.0
12,0.32500000000000007,68.0,0.0,27.0,55.0,29.0,65.0,65.0,30.0,26.0,57.0,176.0,206.0,212.0,348.0,206.0,314.0,280.0,244.0,173.0,210.0,260.0,244.0,213.0,185.0,201.0,241.0,162.0,140.0,275.0,291.0,207.0,235.0,174.0,206.0,219.0,260.0,229.0,270.0,364.0,354.0,351.0,538.0,404.0,451.0,455.0,521.0,466.0,364.0,374.0,521.0,380.0,366.0,354.0,454.0,400.0,340.0,381.0,486.0,336.0,362.0,466.0,391.0,428.0,425.0,442.0,424.0,400.0,402.0,452.0,433.0,465.0,496.0,535.0,537.0,533.0,617.0,592.0,649.0,649.0,608.0,645.0,607.0,553.0,608.0,477.0,517.0,440.0,502.0,493.0,484.0,494.0,283.0,379.0,225.0,185.0,309.0,118.0,72.0,187.0,56.0,144.0,61.0,97.0
13,0.35000000000000003,44.0,45.0,69.0,56.0,24.0,99.0,71.0,104.0,86.0,58.0,193.0,194.0,380.0,322.0,314.0,235.0,401.0,338.0,431.0,397.0,381.0,370.0,279.0,250.0,207.0,239.0,381.0,346.0,376.0,264.0,381.0,206.0,232.0,277.0,306.0,257.0,290.0,296.0,335.0,479.0,419.0,510.0,487.0,560.0,488.0,534.0,565.0,559.0,493.0,635.0,517.0,530.0,444.0,439.0,367.0,415.0,405.0,377.0,338.0,339.0,386.0,366.0,412.0,385.0,392.0,392.0,385.0,403.0,437.0,391.0,434.0,416.0,481.0,441.0,530.0,582.0,552.0,515.0,544.0,583.0,566.0,645.0,659.0,619.0,744.0,737.0,723.0,692.0,673.0,667.0,648.0,532.0,443.0,440.0,519.0,427.0,511.0,536.0,464.0,456.0,457.0,493.0,299.0
14,0.37500000000000006,40.0,91.0,78.0,56.0,83.0,152.0,105.0,99.0,149.0,205.0,176.0,288.0,338.0,276.0,467.0,168.0,222.0,266.0,351.0,351.0,589.0,447.0,406.0,293.0,336.0,360.0,308.0,435.0,295.0,253.0,291.0,255.0,296.0,310.0,323.0,247.0,378.0,336.0,340.0,485.0,495.0,510.0,405.0,446.0,489.0,498.0,409.0,548.0,613.0,602.0,680.0,718.0,509.0,690.0,424.0,423.0,510.0,346.0,316.0,356.0,336.0,338.0,340.0,320.0,334.0,381.0,331.0,341.0,351.0,343.0,369.0,406.0,424.0,410.0,445.0,490.0,487.0,449.0,479.0,484.0,544.0,505.0,504.0,557.0,617.0,714.0,718.0,700.0,670.0,722.0,755.0,679.0,762.0,731.0,782.0,758.0,711.0,648.0,759.0,671.0,745.0,514.0,721.0
15,0.4,117.0,110.0,99.0,49.0,172.0,86.0,123.0,142.0,203.0,178.0,235.0,227.0,323.0,261.0,332.0,379.0,334.0,429.0,458.0,373.0,347.0,446.0,412.0,464.0,430.0,299.0,486.0,405.0,470.0,411.0,293.0,273.0,377.0,277.0,380.0,478.0,554.0,439.0,425.0,439.0,488.0,530.0,477.0,396.0,424.0,388.0,430.0,558.0,738.0,530.0,661.0,631.0,640.0,709.0,619.0,559.0,513.0,465.0,388.0,406.0,305.0,305.0,289.0,318.0,297.0,439.0,300.0,302.0,289.0,286.0,305.0,301.0,374.0,355.0,389.0,468.0,492.0,445.0,466.0,450.0,443.0,514.0,478.0,524.0,488.0,521.0,605.0,515.0,536.0,500.0,578.0,691.0,651.0,800.0,809.0,779.0,797.0,897.0,823.0,882.0,776.0,824.0,873.0
16,0.42500000000000004,92.0,177.0,51.0,116.0,283.0,129.0,85.0,241.0,227.0,161.0,259.0,233.0,273.0,385.0,305.0,233.0,312.0,384.0,363.0,433.0,370.0,307.0,308.0,461.0,309.0,253.0,386.0,565.0,496.0,323.0,393.0,437.0,392.0,475.0,509.0,529.0,479.0,489.0,494.0,428.0,413.0,435.0,482.0,368.0,412.0,409.0,471.0,564.0,594.0,546.0,518.0,569.0,696.0,629.0,699.0,664.0,637.0,704.0,651.0,598.0,405.0,270.0,287.0,482.0,538.0,503.0,519.0,409.0,302.0,302.0,297.0,307.0,337.0,302.0,314.0,361.0,399.0,343.0,368.0,365.0,366.0,383.0,359.0,427.0,520.0,541.0,457.0,530.0,463.0,559.0,551.0,585.0,535.0,620.0,590.0,588.0,650.0,624.0,653.0,695.0,684.0,677.0,665.0
17,0.45000000000000007,127.0,100.0,110.0,149.0,123.0,180.0,168.0,209.0,247.0,261.0,246.0,204.0,200.0,218.0,232.0,249.0,318.0,285.0,280.0,381.0,553.0,330.0,296.0,320.0,370.0,407.0,431.0,463.0,478.0,459.0,624.0,561.0,550.0,584.0,673.0,522.0,511.0,521.0,440.0,406.0,408.0,441.0,455.0,458.0,485.0,397.0,423.0,615.0,507.0,610.0,632.0,627.0,724.0,713.0,753.0,640.0,670.0,646.0,730.0,739.0,582.0,546.0,667.0,654.0,865.0,697.0,791.0,759.0,623.0,581.0,524.0,346.0,421.0,349.0,304.0,327.0,346.0,420.0,397.0,336.0,359.0,354.0,347.0,363.0,418.0,433.0,435.0,450.0,431.0,435.0,429.0,481.0,501.0,519.0,502.0,536.0,539.0,527.0,504.0,581.0,558.0,607.0,626.0
18,0.47500000000000003,158.0,211.0,200.0,160.0,174.0,163.0,182.0,174.0,211.0,261.0,189.0,200.0,123.0,176.0,136.0,175.0,234.0,206.0,368.0,451.0,370.0,446.0,337.0,399.0,428.0,474.0,383.0,397.0,459.0,533.0,672.0,776.0,646.0,577.0,573.0,625.0,524.0,589.0,585.0,430.0,401.0,443.0,432.0,489.0,440.0,542.0,528.0,561.0,601.0,578.0,689.0,637.0,821.0,841.0,858.0,909.0,649.0,641.0,700.0,752.0,904.0,941.0,945.0,1132.0,783.0,896.0,1185.0,1161.0,1250.0,918.0,757.0,621.0,657.0,746.0,652.0,689.0,753.0,846.0,597.0,492.0,554.0,494.0,361.0,386.0,421.0,429.0,466.0,394.0,441.0,426.0,410.0,487.0,427.0,526.0,538.0,522.0,548.0,478.0,509.0,568.0,526.0,533.0,507.0
19,0.5,136.0,230.0,229.0,213.0,177.0,201.0,191.0,289.0,209.0,178.0,159.0,177.0,179.0,160.0,128.0,163.0,239.0,256.0,316.0,275.0,264.0,414.0,484.0,371.0,442.0,461.0,515.0,415.0,391.0,667.0,582.0,689.0,661.0,558.0,576.0,566.0,575.0,591.0,684.0,450.0,428.0,487.0,412.0,447.0,471.0,565.0,595.0,651.0,692.0,703.0,717.0,621.0,889.0,820.0,953.0,1072.0,666.0,827.0,825.0,797.0,954.0,1183.0,1070.0,1073.0,1163.0,1064.0,1086.0,1118.0,1349.0,1389.0,1259.0,1242.0,1149.0,885.0,869.0,901.0,969.0,982.0,898.0,794.0,824.0,832.0,584.0,604.0,579.0,546.0,664.0,496.0,518.0,464.0,501.0,640.0,519.0,625.0,712.0,697.0,750.0,695.0,796.0,843.0,780.0,698.0,759.0
20,0.525,133.0,126.0,211.0,259.0,128.0,234.0,397.0,338.0,257.0,291.0,273.0,273.0,262.0,159.0,251.0,305.0,294.0,299.0,331.0,433.0,405.0,385.0,452.0,584.0,671.0,542.0,484.0,402.0,370.0,601.0,523.0,590.0,661.0,608.0,594.0,597.0,639.0,642.0,723.0,696.0,646.0,607.0,511.0,615.0,618.0,698.0,775.0,843.0,623.0,625.0,629.0,613.0,992.0,950.0,1047.0,1308.0,1190.0,808.0,935.0,1078.0,1149.0,1096.0,1261.0,1077.0,993.0,1056.0,1044.0,1217.0,1268.0,1747.0,1768.0,1831.0,1477.0,1413.0,1558.0,1462.0,1517.0,1421.0,1218.0,1280.0,1401.0,1289.0,1393.0,1206.0,987.0,1201.0,1414.0,1043.0,1272.0,976.0,938.0,1105.0,1033.0,1271.0,1044.0,1187.0,1123.0,1356.0,1152.0,1649.0,1240.0,1205.0,1499.0
21,0.55,195.0,289.0,160.0,322.0,169.0,274.0,167.0,216.0,405.0,420.0,352.0,276.0,428.0,352.0,355.0,470.0,355.0,453.0,382.0,506.0,504.0,562.0,519.0,535.0,734.0,475.0,527.0,443.0,522.0,590.0,600.0,591.0,727.0,726.0,634.0,560.0,581.0,626.0,788.0,926.0,818.0,790.0,635.0,624.0,776.0,659.0,927.0,809.0,713.0,851.0,672.0,1047.0,793.0,941.0,1060.0,1084.0,1372.0,1218.0,1095.0,1305.0,1612.0,1495.0,1722.0,1600.0,1593.0,1632.0,1604.0,1450.0,1753.0,1660.0,1608.0,1900.0,1874.0,1909.0,1769.0,1785.0,1882.0,1922.0,2042.0,1963.0,1929.0,2204.0,1815.0,1843.0,1900.0,2266.0,2098.0,1922.0,2022.0,1725.0,1889.0,1818.0,1847.0,1998.0,1927.0,1992.0,1989.0,1921.0,1954.0,1930.0,2188.0,2006.0,2576.0
22,0.5750000000000001,158.0,178.0,195.0,258.0,245.0,302.0,212.0,226.0,331.0,316.0,532.0,402.0,387.0,427.0,461.0,412.0,455.0,549.0,466.0,562.0,549.0,538.0,752.0,704.0,686.0,617.0,602.0,620.0,710.0,655.0,737.0,691.0,756.0,769.0,764.0,682.0,751.0,772.0,910.0,1071.0,1008.0,1025.0,807.0,835.0,994.0,1082.0,956.0,1071.0,1259.0,1165.0,1168.0,1102.0,1192.0,1098.0,1198.0,1238.0,1543.0,1817.0,2006.0,2022.0,1822.0,2024.0,2156.0,1975.0,2180.0,2031.0,1704.0,2143.0,2182.0,1980.0,1887.0,2214.0,2335.0,2891.0,2369.0,2769.0,2257.0,2458.0,2642.0,2638.0,2705.0,2527.0,2644.0,2708.0,2941.0,3127.0,2731.0,2948.0,2882.0,2829.0,2893.0,2692.0,2978.0,3131.0,2791.0,2787.0,2839.0,3095.0,3226.0,3149.0,3432.0,3748.0,4075.0
23,0.6000000000000001,210.0,174.0,259.0,243.0,313.0,253.0,302.0,410.0,292.0,315.0,387.0,436.0,330.0,579.0,497.0,453.0,550.0,638.0,661.0,476.0,605.0,715.0,739.0,707.0,638.0,713.0,804.0,788.0,979.0,807.0,992.0,858.0,905.0,876.0,859.0,897.0,1100.0,1043.0,1035.0,1070.0,1191.0,1103.0,1359.0,1573.0,1478.0,1325.0,1483.0,1557.0,1889.0,1790.0,1623.0,1384.0,1347.0,1804.0,1732.0,1682.0,1745.0,2122.0,2094.0,2364.0,2329.0,2286.0,2255.0,2449.0,2413.0,2433.0,2470.0,2040.0,2140.0,1929.0,1969.0,2367.0,2339.0,2640.0,2569.0,2762.0,2533.0,2430.0,2849.0,2961.0,2776.0,2789.0,3007.0,2976.0,3085.0,3499.0,3183.0,3447.0,3718.0,4247.0,4196.0,4266.0,3471.0,3750.0,3969.0,3622.0,3321.0,3881.0,3959.0,3968.0,4256.0,4478.0,4373.0
24,0.6250000000000001,201.0,194.0,304.0,194.0,355.0,268.0,476.0,362.0,569.0,403.0,389.0,418.0,337.0,574.0,526.0,519.0,717.0,615.0,504.0,441.0,607.0,756.0,732.0,709.0,606.0,799.0,776.0,890.0,1099.0,953.0,837.0,904.0,823.0,844.0,969.0,1129.0,1256.0,1125.0,1087.0,1423.0,1379.0,1558.0,1735.0,1685.0,1788.0,1857.0,1919.0,2114.0,2008.0,2139.0,2260.0,2162.0,2009.0,2192.0,2320.0,2290.0,2482.0,2448.0,2575.0,2297.0,2448.0,2673.0,2551.0,2779.0,2918.0,2837.0,2294.0,2508.0,2914.0,2572.0,2461.0,2442.0,2666.0,2644.0,2820.0,2742.0,2591.0,2767.0,3123.0,3019.0,2981.0,3548.0,3379.0,3707.0,3713.0,3651.0,3866.0,3798.0,4353.0,4662.0,4863.0,4422.0,4728.0,4430.0,4462.0,4569.0,4236.0,4767.0,5283.0,4737.0,4892.0,5086.0,5438.0
25,0.65,192.0,261.0,189.0,117.0,373.0,284.0,349.0,381.0,352.0,474.0,465.0,463.0,519.0,516.0,523.0,550.0,586.0,586.0,578.0,512.0,718.0,722.0,870.0,759.0,641.0,827.0,973.0,925.0,1082.0,1017.0,873.0,1122.0,988.0,1069.0,1114.0,1331.0,1495.0,1347.0,1565.0,1344.0,1509.0,1555.0,1677.0,1798.0,2171.0,2339.0,2505.0,2628.0,2184.0,2295.0,2728.0,2850.0,2649.0,2852.0,2527.0,2680.0,2906.0,2830.0,2645.0,2618.0,2584.0,2566.0,2589.0,2342.0,2510.0,2430.0,2926.0,2932.0,2795.0,3104.0,3255.0,3302.0,3215.0,3298.0,3109.0,3354.0,3289.0,3439.0,3640.0,3389.0,3816.0,3949.0,4131.0,4307.0,4300.0,4477.0,4583.0,4883.0,4652.0,4967.0,5294.0,5016.0,4957.0,4626.0,5270.0,5291.0,5102.0,5920.0,6499.0,6486.0,5548.0,6278.0,5836.0
26,0.675,171.0,322.0,262.0,324.0,329.0,447.0,394.0,435.0,325.0,585.0,397.0,422.0,693.0,553.0,727.0,665.0,547.0,657.0,674.0,908.0,826.0,816.0,775.0,766.0,914.0,968.0,1127.0,1234.0,1194.0,1073.0,1053.0,1356.0,1382.0,1418.0,1631.0,1705.0,1899.0,1597.0,1708.0,1409.0,1452.0,1632.0,1666.0,1978.0,2189.0,2620.0,2391.0,2398.0,2745.0,2599.0,2679.0,2772.0,2999.0,2815.0,3094.0,2886.0,3091.0,2948.0,2696.0,2663.0,2814.0,2328.0,2353.0,2462.0,2618.0,2805.0,2864.0,2919.0,2824.0,2876.0,3632.0,3334.0,3855.0,3311.0,3363.0,3292.0,3764.0,3616.0,3855.0,3852.0,4173.0,4373.0,4335.0,4604.0,4433.0,4577.0,4882.0,4977.0,5127.0,5169.0,5763.0,5722.0,5829.0,5732.0,6767.0,6302.0,7702.0,7650.0,7452.0,7774.0,7800.0,7641.0,7783.0
27,0.7000000000000001,280.0,432.0,336.0,559.0,425.0,365.0,413.0,485.0,401.0,478.0,476.0,431.0,550.0,562.0,755.0,715.0,613.0,670.0,542.0,828.0,924.0,736.0,872.0,913.0,974.0,1165.0,1187.0,1474.0,1686.0,1535.0,1432.0,1575.0,1686.0,1602.0,1756.0,2059.0,2015.0,2145.0,1888.0,1989.0,1759.0,2303.0,2043.0,1908.0,2158.0,2266.0,2052.0,2143.0,2071.0,2110.0,2282.0,2243.0,2578.0,2591.0,2572.0,2766.0,2669.0,2576.0,2616.0,2610.0,2823.0,2365.0,2468.0,2331.0,3068.0,2939.0,3289.0,2946.0,2768.0,3199.0,3329.0,3318.0,3696.0,3906.0,3996.0,4058.0,3806.0,3836.0,4183.0,5146.0,4506.0,4666.0,5348.0,5440.0,5687.0,5755.0,6082.0,6507.0,6538.0,6825.0,6488.0,6454.0,6257.0,7004.0,6702.0,7960.0,8185.0,8406.0,8880.0,8274.0,8499.0,7941.0,8019.0
28,0.7250000000000001,263.0,269.0,356.0,391.0,286.0,346.0,391.0,469.0,501.0,308.0,544.0,500.0,575.0,812.0,743.0,800.0,740.0,684.0,524.0,709.0,909.0,881.0,980.0,1336.0,1371.0,1455.0,1650.0,1482.0,1520.0,1730.0,2062.0,2051.0,2016.0,1666.0,2333.0,2186.0,2267.0,2127.0,2178.0,2487.0,2086.0,2085.0,2353.0,2299.0,2161.0,1822.0,1778.0,1744.0,1818.0,1812.0,2438.0,2686.0,2844.0,2674.0,2566.0,3099.0,3308.0,3261.0,3122.0,3113.0,2997.0,3026.0,2817.0,3349.0,3451.0,4271.0,4252.0,3631.0,3773.0,4269.0,5055.0,4391.0,4617.0,4537.0,5177.0,5701.0,5106.0,5319.0,6507.0,6329.0,6135.0,5703.0,6125.0,6327.0,6211.0,6330.0,7178.0,7393.0,7011.0,7187.0,7577.0,7541.0,7914.0,8085.0,7692.0,8804.0,7979.0,8197.0,8318.0,8469.0,8436.0,8297.0,7721.0
29,0.7500000000000001,302.0,297.0,253.0,390.0,462.0,497.0,443.0,341.0,570.0,485.0,583.0,866.0,590.0,808.0,721.0,960.0,875.0,790.0,1195.0,962.0,887.0,857.0,1205.0,1459.0,1392.0,1468.0,1640.0,1874.0,1452.0,1687.0,2001.0,1871.0,2307.0,2135.0,2131.0,2278.0,2278.0,2306.0,2315.0,2494.0,2553.0,2298.0,2520.0,2529.0,2597.0,2153.0,2338.0,1855.0,2245.0,2204.0,3271.0,3337.0,3349.0,3166.0,3106.0,3503.0,3832.0,3270.0,4150.0,3422.0,3615.0,4041.0,4524.0,4654.0,4119.0,4263.0,4605.0,4871.0,4762.0,5257.0,5294.0,4853.0,5300.0,5735.0,6246.0,6251.0,6291.0,6208.0,6774.0,7051.0,6866.0,6345.0,6881.0,7044.0,7286.0,7346.0,7485.0,7363.0,7873.0,7037.0,6839.0,7479.0,7463.0,7623.0,6871.0,7418.0,6906.0,7214.0,6307.0,6327.0,7259.0,7545.0,7124.0
30,0.775,288.0,392.0,413.0,446.0,462.0,449.0,629.0,468.0,512.0,546.0,661.0,898.0,837.0,796.0,996.0,904.0,1233.0,1055.0,1302.0,1234.0,1151.0,1516.0,1390.0,1532.0,1554.0,1997.0,2281.0,2111.0,2097.0,2240.0,2297.0,2241.0,2400.0,2655.0,1863.0,2108.0,2202.0,2151.0,2297.0,2847.0,2783.0,2285.0,2999.0,3019.0,3154.0,3527.0,3535.0,3413.0,3239.0,3482.0,3675.0,3672.0,3817.0,3640.0,3710.0,3629.0,3841.0,3913.0,4326.0,4510.0,4260.0,4576.0,5213.0,4948.0,4628.0,5112.0,5004.0,5832.0,5428.0,5639.0,5731.0,6263.0,6165.0,5686.0,6406.0,5762.0,6389.0,6946.0,6277.0,6259.0,6796.0,6849.0,6603.0,6387.0,6475.0,6205.0,6045.0,6178.0,6052.0,5664.0,5408.0,6077.0,6035.0,6105.0,5845.0,5872.0,5739.0,5545.0,5394.0,5051.0,5794.0,5807.0,5638.0
31,0.8,341.0,375.0,333.0,351.0,426.0,417.0,446.0,666.0,704.0,486.0,669.0,762.0,930.0,1053.0,1294.0,1126.0,1483.0,1414.0,1625.0,1688.0,1758.0,2023.0,1947.0,1693.0,2496.0,2255.0,2409.0,2638.0,2666.0,2528.0,2709.0,2840.0,2711.0,2491.0,1979.0,2640.0,2492.0,2605.0,2734.0,2684.0,3246.0,2708.0,3139.0,4098.0,4142.0,4318.0,4106.0,4107.0,4572.0,4678.0,4427.0,4016.0,4008.0,3791.0,3942.0,3856.0,3963.0,4770.0,4514.0,4580.0,5012.0,4767.0,5500.0,4592.0,4980.0,4738.0,5053.0,5806.0,5765.0,5714.0,5682.0,5716.0,5698.0,5589.0,5557.0,5178.0,6049.0,6063.0,5077.0,4841.0,5502.0,5280.0,5081.0,4714.0,4734.0,5162.0,4572.0,4748.0,4513.0,4432.0,4688.0,4553.0,4818.0,4866.0,4944.0,4428.0,4817.0,4524.0,4455.0,4314.0,4486.0,4503.0,4449.0
32,0.8250000000000001,465.0,570.0,517.0,519.0,526.0,438.0,492.0,592.0,736.0,768.0,1007.0,1174.0,1090.0,1323.0,1604.0,1612.0,1400.0,1757.0,1484.0,1756.0,1633.0,2163.0,2394.0,2227.0,2477.0,2729.0,2366.0,2495.0,2605.0,2615.0,2526.0,2877.0,2209.0,2229.0,2306.0,2724.0,2905.0,2983.0,3085.0,3575.0,3307.0,3682.0,3486.0,4548.0,3812.0,4132.0,3749.0,4651.0,4369.0,4677.0,4118.0,4450.0,3716.0,3833.0,4134.0,3856.0,4087.0,4590.0,4221.0,4513.0,4463.0,4589.0,4645.0,4412.0,4399.0,4017.0,4491.0,4893.0,4810.0,4291.0,4479.0,4452.0,4513.0,4353.0,4412.0,4533.0,4462.0,4292.0,3969.0,3839.0,4134.0,4074.0,4073.0,4140.0,3958.0,4066.0,3915.0,3886.0,3843.0,3753.0,3802.0,3900.0,3950.0,4018.0,3971.0,3583.0,3906.0,3807.0,3759.0,3639.0,3712.0,3614.0,3783.0
33,0.8500000000000001,425.0,507.0,734.0,580.0,546.0,683.0,611.0,817.0,821.0,1079.0,1183.0,1183.0,1383.0,1507.0,1469.0,1721.0,1616.0,1985.0,1857.0,1648.0,1913.0,2197.0,2624.0,2393.0,2516.0,2078.0,2053.0,2254.0,2163.0,2393.0,2841.0,2599.0,2454.0,2645.0,2418.0,2906.0,2752.0,3226.0,3712.0,3703.0,3734.0,3747.0,4174.0,3318.0,3295.0,3626.0,3463.0,3574.0,3833.0,3668.0,3151.0,2889.0,3095.0,3522.0,3199.0,3458.0,3508.0,3838.0,3714.0,3550.0,3827.0,3748.0,3840.0,3792.0,3711.0,3478.0,3674.0,2996.0,3684.0,3513.0,3234.0,3148.0,3530.0,3335.0,3237.0,3734.0,3337.0,3228.0,3296.0,3187.0,3453.0,3286.0,3371.0,3426.0,3271.0,3256.0,2999.0,3092.0,3002.0,3121.0,3205.0,3174.0,3280.0,3309.0,3281.0,3214.0,3204.0,3135.0,3129.0,3102.0,3188.0,3043.0,3104.0
34,0.8750000000000001,517.0,443.0,570.0,901.0,842.0,982.0,765.0,943.0,1007.0,1229.0,1259.0,1427.0,1432.0,1262.0,1158.0,1261.0,1909.0,1777.0,1628.0,1556.0,1699.0,1732.0,1648.0,2084.0,1807.0,1721.0,1722.0,1810.0,1966.0,1996.0,1889.0,2016.0,2020.0,2243.0,2706.0,2411.0,2724.0,2876.0,2703.0,2577.0,3074.0,3004.0,2992.0,2769.0,2535.0,2405.0,2623.0,2726.0,2412.0,2366.0,2234.0,2282.0,2200.0,2530.0,2666.0,2552.0,2675.0,2423.0,2494.0,2557.0,2715.0,2966.0,2436.0,2625.0,2813.0,2920.0,2858.0,2400.0,2643.0,2613.0,2656.0,2606.0,2659.0,2598.0,2795.0,2651.0,2666.0,2450.0,2486.0,2511.0,2628.0,2617.0,2681.0,2731.0,2662.0,2631.0,2456.0,2625.0,2527.0,2602.0,2691.0,2600.0,2709.0,2822.0,2864.0,2624.0,2746.0,2740.0,2637.0,2731.0,2746.0,2661.0,2729.0
35,0.9,395.0,466.0,521.0,881.0,868.0,860.0,926.0,897.0,1060.0,1206.0,1291.0,1206.0,1256.0,1251.0,967.0,1103.0,1603.0,1313.0,1545.0,1735.0,1950.0,1523.0,1325.0,1583.0,1611.0,1324.0,1253.0,1380.0,1527.0,1721.0,1950.0,1686.0,2102.0,2143.0,2525.0,2169.0,2233.0,2265.0,2182.0,2089.0,2444.0,2128.0,2115.0,1828.0,1929.0,1615.0,1872.0,1765.0,1548.0,1703.0,1780.0,1618.0,1999.0,2004.0,1997.0,2052.0,1789.0,1577.0,1641.0,1660.0,1784.0,2043.0,1617.0,1696.0,1886.0,1899.0,1874.0,1738.0,1985.0,1942.0,1886.0,1959.0,1896.0,2005.0,2044.0,2109.0,2091.0,1902.0,1986.0,2104.0,2101.0,2169.0,2265.0,2291.0,2233.0,2213.0,2002.0,2283.0,2167.0,2241.0,2339.0,2227.0,2310.0,2418.0,2460.0,2249.0,2347.0,2318.0,2321.0,2433.0,2487.0,2392.0,2416.0
36,0.925,480.0,542.0,734.0,712.0,928.0,1037.0,1074.0,1087.0,1175.0,1351.0,1279.0,1204.0,1202.0,1246.0,1688.0,1301.0,1253.0,1444.0,1546.0,1579.0,1600.0,1088.0,1076.0,1139.0,1188.0,1117.0,1091.0,1219.0,1074.0,1179.0,1476.0,1344.0,1571.0,1769.0,1688.0,1660.0,1333.0,1211.0,1134.0,1036.0,1279.0,1245.0,1070.0,842.0,1155.0,1337.0,1232.0,1110.0,1042.0,1197.0,1252.0,1283.0,1414.0,1382.0,1372.0,1325.0,1313.0,1227.0,1311.0,1329.0,1525.0,1465.0,1439.0,1291.0,1592.0,1311.0,1424.0,1365.0,1491.0,1352.0,1464.0,1552.0,1429.0,1624.0,1535.0,1650.0,1706.0,1457.0,1634.0,1669.0,1675.0,1767.0,1823.0,1813.0,1881.0,1823.0,1718.0,1996.0,1869.0,1886.0,2041.0,1964.0,1967.0,2085.0,2081.0,2012.0,2040.0,2075.0,1989.0,2180.0,2195.0,2231.0,2123.0
37,0.9500000000000001,667.0,580.0,698.0,708.0,900.0,832.0,1171.0,1137.0,1125.0,1271.0,1090.0,1211.0,1111.0,1042.0,1125.0,1246.0,1305.0,1198.0,1398.0,1104.0,1065.0,906.0,834.0,844.0,742.0,962.0,1123.0,1023.0,852.0,921.0,750.0,970.0,1053.0,1032.0,1192.0,843.0,823.0,808.0,753.0,596.0,625.0,795.0,685.0,577.0,705.0,698.0,763.0,735.0,666.0,770.0,848.0,892.0,881.0,1012.0,948.0,1015.0,906.0,850.0,1120.0,1036.0,1099.0,1041.0,921.0,1069.0,1175.0,1029.0,1052.0,1002.0,1103.0,964.0,1066.0,1115.0,1115.0,1161.0,1177.0,1302.0,1348.0,1182.0,1321.0,1276.0,1346.0,1396.0,1492.0,1446.0,1479.0,1472.0,1477.0,1676.0,1580.0,1667.0,1746.0,1728.0,1672.0,1715.0,1810.0,1804.0,1777.0,1775.0,1656.0,1821.0,1918.0,1930.0,1826.0
38,0.9750000000000001,596.0,572.0,809.0,415.0,671.0,898.0,818.0,1017.0,941.0,908.0,650.0,588.0,742.0,686.0,565.0,875.0,547.0,578.0,579.0,673.0,588.0,722.0,443.0,322.0,565.0,663.0,604.0,479.0,556.0,657.0,381.0,469.0,481.0,528.0,494.0,428.0,435.0,375.0,365.0,365.0,342.0,528.0,368.0,359.0,478.0,446.0,458.0,505.0,423.0,463.0,516.0,522.0,605.0,643.0,618.0,598.0,584.0,503.0,729.0,779.0,728.0,585.0,607.0,856.0,822.0,757.0,777.0,725.0,775.0,652.0,757.0,839.0,787.0,791.0,916.0,977.0,897.0,844.0,990.0,906.0,980.0,999.0,1108.0,1079.0,1096.0,1099.0,1189.0,1309.0,1238.0,1282.0,1385.0,1365.0,1194.0,1282.0,1436.0,1469.0,1415.0,1377.0,1289.0,1437.0,1579.0,1578.0,1465.0
39,1.0,507.0,347.0,342.0,403.0,258.0,425.0,633.0,374.0,354.0,222.0,376.0,265.0,230.0,214.0,140.0,276.0,139.0,255.0,156.0,179.0,110.0,205.0,180.0,73.0,61.0,214.0,169.0,75.0,272.0,370.0,129.0,131.0,158.0,194.0,266.0,207.0,155.0,109.0,140.0,91.0,173.0,268.0,140.0,108.0,247.0,268.0,214.0,245.0,191.0,232.0,247.0,216.0,386.0,307.0,273.0,271.0,268.0,255.0,398.0,472.0,359.0,302.0,315.0,495.0,434.0,427.0,479.0,402.0,454.0,389.0,472.0,435.0,456.0,512.0,515.0,537.0,452.0,492.0,560.0,537.0,524.0,659.0,560.0,610.0,580.0,586.0,735.0,695.0,657.0,727.0,942.0,844.0,785.0,798.0,814.0,965.0,818.0,858.0,730.0,915.0,1046.0,988.0,875.0
